,optimalImageSize,optimalDistanceBetweenEyes,optimalConfidence
00000,23.0,6.0,0.9513074159622192
00001,20.0,6.0,0.9966367483139038
00002,20.0,5.0,0.7481407523155212
00003,20.0,5.0990195135927845,0.9657206535339355
00004,20.0,5.0,0.8997365236282349
00005,30.0,7.0,0.736723005771637
00006,20.0,6.0,0.9929290413856506
00007,20.0,5.0,0.9923455119132996
00008,30.0,8.06225774829855,0.9443150162696838
00009,20.0,6.0,0.7498337626457214
00010,20.0,5.0990195135927845,0.9941389560699463
00011,29.0,7.0,0.996735155582428
00012,20.0,6.0,0.9965483546257019
00013,30.0,7.0710678118654755,0.9397949576377869
00014,22.0,6.0,0.9117142558097839
00015,21.0,5.0,0.9935057163238525
00016,20.0,5.0,0.9081103801727295
00017,20.0,6.0,0.9961466789245605
00018,20.0,5.0,0.9617275595664978
00019,22.0,5.0,0.9143553972244263
00020,27.0,7.0,0.9674056172370911
00021,20.0,6.0,0.996369481086731
00022,20.0,5.0,0.7476865649223328
00023,32.0,9.0,0.9987566471099854
00024,28.0,7.0,0.8128319978713989
00025,20.0,6.0,0.7757408022880554
00026,20.0,3.1622776601683795,0.9958775043487549
00027,20.0,5.0990195135927845,0.998344898223877
00028,31.0,7.280109889280518,0.8462947607040405
00029,20.0,4.0,0.9240381717681885
00030,20.0,5.0,0.9800747632980347
00031,20.0,5.0,0.9974331259727478
00032,22.0,5.0,0.9353024363517761
00033,23.0,8.0,0.9076436758041382
00034,20.0,5.0,0.8610457181930542
00035,21.0,6.324555320336759,0.9829539656639099
00036,32.0,8.0,0.9815203547477722
00037,27.0,7.0,0.8694937825202942
00038,20.0,4.123105625617661,0.9254040122032166
00039,22.0,7.0,0.9018059372901917
00040,20.0,5.0,0.774900496006012
00041,22.0,6.0,0.738548755645752
00042,20.0,6.0,0.9951456189155579
00043,23.0,6.0,0.9280295968055725
00044,23.0,6.082762530298219,0.8688071966171265
00045,20.0,6.082762530298219,0.7117685675621033
00046,25.0,8.0,0.9207791090011597
00047,25.0,6.082762530298219,0.9374845623970032
00048,20.0,5.0,0.9983627200126648
00049,20.0,4.0,0.9258570075035095
00050,20.0,6.0,0.9660661220550537
00051,20.0,5.0990195135927845,0.9707805514335632
00052,25.0,6.082762530298219,0.9710091352462769
00053,22.0,5.0990195135927845,0.8542329668998718
00054,20.0,5.0,0.9997459053993225
00055,32.0,8.06225774829855,0.9922702312469482
00056,21.0,6.082762530298219,0.8682458996772766
00057,22.0,6.0,0.7310516834259033
00058,22.0,6.0,0.9273458123207092
00059,20.0,5.0,0.9946513772010803
00060,32.0,4.0,0.9993898868560791
00061,23.0,6.0,0.9534990191459656
00062,20.0,5.0,0.9936383366584778
00063,22.0,3.1622776601683795,0.9603622555732727
00064,20.0,5.0,0.9997867941856384
00065,20.0,6.0,0.9334324598312378
00066,22.0,6.0,0.8687441945075989
00067,20.0,5.0,0.8877085447311401
00068,22.0,5.0,0.966249406337738
00069,20.0,5.0,0.9082857966423035
00070,20.0,6.082762530298219,0.999401330947876
00071,20.0,5.0,0.9825426340103149
00072,20.0,6.0,0.9966222047805786
00073,20.0,5.0,0.9932931661605835
00074,20.0,6.0,0.7744027376174927
00075,22.0,5.0990195135927845,0.8688105940818787
00076,23.0,6.082762530298219,0.9864952564239502
00077,20.0,4.123105625617661,0.9704282879829407
00078,20.0,7.0,0.7305266857147217
00079,20.0,5.0,0.79960697889328
00080,20.0,4.0,0.9899040460586548
00081,20.0,5.0,0.8217283487319946
00082,20.0,6.0,0.9902987480163574
00083,31.0,8.246211251235321,0.8392035365104675
00084,23.0,7.0,0.7973576784133911
00085,25.0,7.0,0.8523476719856262
00086,20.0,5.0990195135927845,0.9990566372871399
00087,20.0,6.082762530298219,0.9968947172164917
00088,22.0,6.082762530298219,0.7349135875701904
00089,20.0,5.0,0.9642499089241028
00090,20.0,6.0,0.7625434398651123
00091,20.0,5.0,0.9425585269927979
00092,21.0,7.0,0.9645001888275146
00093,20.0,5.0,0.9977046847343445
00094,22.0,6.0,0.9261100888252258
00095,20.0,5.0,0.9948458671569824
00096,32.0,8.0,0.9868740439414978
00097,24.0,7.0710678118654755,0.741034984588623
00098,22.0,6.0,0.9954589605331421
00099,25.0,6.0,0.9136037230491638
00100,22.0,7.0,0.8338220119476318
00101,20.0,5.0990195135927845,0.7547471523284912
00102,20.0,5.0,0.9878631830215454
00103,20.0,5.0,0.9916338920593262
00104,20.0,6.0,0.996103048324585
00105,20.0,4.0,0.7194598317146301
00106,29.0,7.0,0.8554142713546753
00107,22.0,7.0,0.7748492360115051
00108,20.0,4.47213595499958,0.7254891991615295
00109,22.0,5.0,0.9794778823852539
00110,20.0,5.0,0.9992334842681885
00111,20.0,5.0990195135927845,0.970304548740387
00112,22.0,6.0,0.9348075985908508
00113,20.0,5.0,0.9933983087539673
00114,20.0,5.0990195135927845,0.7733194231987
00115,21.0,5.0,0.936220109462738
00116,20.0,5.0990195135927845,0.8817581534385681
00117,20.0,5.0,0.9949578642845154
00118,32.0,9.0,0.8942574262619019
00119,25.0,7.0710678118654755,0.9737677574157715
00120,20.0,4.0,0.9884290099143982
00121,30.0,6.0,0.7310901880264282
00122,23.0,5.0,0.9582758545875549
00123,22.0,4.0,0.9169231653213501
00124,24.0,8.0,0.8126897811889648
00125,20.0,5.0,0.9989355206489563
00126,20.0,5.0990195135927845,0.9693695306777954
00127,21.0,5.0,0.97709059715271
00128,20.0,5.0,0.9988890290260315
00129,20.0,5.0990195135927845,0.9007254242897034
00130,20.0,5.0990195135927845,0.9867089986801147
00131,20.0,6.082762530298219,0.8936166167259216
00132,20.0,6.0,0.9612381458282471
00133,20.0,5.0,0.999135434627533
00134,20.0,5.0,0.9886268973350525
00135,20.0,5.0,0.9774234890937805
00136,20.0,5.0,0.9861437082290649
00137,20.0,5.0990195135927845,0.8509357571601868
00138,20.0,6.0,0.8986546993255615
00139,20.0,4.0,0.9665138721466064
00140,20.0,5.0,0.9880473613739014
00141,22.0,5.0990195135927845,0.8046579360961914
00142,20.0,5.0,0.9962928891181946
00143,20.0,5.0,0.9938620328903198
00144,20.0,4.123105625617661,0.9917370676994324
00145,20.0,6.0,0.9006749987602234
00146,26.0,7.0,0.9514352679252625
00147,20.0,5.0,0.9993340373039246
00148,22.0,6.082762530298219,0.9642775058746338
00149,20.0,5.0,0.9883145093917847
00150,25.0,7.0,0.9722031354904175
00151,20.0,6.0,0.9545599818229675
00152,22.0,6.0,0.8234843015670776
00153,31.0,8.0,0.937983512878418
00154,26.0,7.0,0.7694391012191772
00155,20.0,6.0,0.9616205096244812
00156,20.0,6.082762530298219,0.9336758852005005
00157,20.0,5.0,0.9704751968383789
00158,20.0,5.0,0.9365952610969543
00159,20.0,5.0,0.9961798191070557
00160,20.0,5.0990195135927845,0.966129720211029
00161,22.0,6.0,0.8520545363426208
00162,31.0,9.055385138137417,0.7307760715484619
00163,21.0,5.0,0.8788968324661255
00164,20.0,4.0,0.7312338948249817
00165,28.0,8.06225774829855,0.7055426239967346
00166,20.0,6.0,0.9891966581344604
00167,22.0,5.0,0.892372727394104
00168,20.0,5.0,0.924096405506134
00169,25.0,6.0,0.8791047930717468
00170,20.0,6.082762530298219,0.981259286403656
00171,25.0,8.0,0.9902342557907104
00172,20.0,6.0,0.9866306185722351
00173,20.0,5.0,0.8245456218719482
00174,25.0,6.0,0.8657868504524231
00175,20.0,5.0,0.9571406841278076
00176,20.0,4.123105625617661,0.989038348197937
00177,20.0,6.0,0.8365353941917419
00178,20.0,6.0,0.968920111656189
00179,27.0,8.0,0.9601159691810608
00180,28.0,8.06225774829855,0.7223107218742371
00181,20.0,6.0,0.7906587719917297
00182,20.0,5.0,0.9923324584960938
00183,24.0,5.0,0.8038306832313538
00184,20.0,5.0990195135927845,0.9950425624847412
00185,22.0,6.0,0.8707537055015564
00186,20.0,7.0,0.9854543209075928
00187,32.0,7.0710678118654755,0.9954965114593506
00188,24.0,5.0990195135927845,0.9154068231582642
00189,21.0,6.0,0.9991251826286316
00190,26.0,6.082762530298219,0.9097724556922913
00191,20.0,5.0990195135927845,0.7717188000679016
00192,20.0,5.0,0.9795467257499695
00193,29.0,8.06225774829855,0.9842718243598938
00194,20.0,6.082762530298219,0.9518691897392273
00195,23.0,6.082762530298219,0.7936390042304993
00196,20.0,5.0,0.9978183507919312
00197,22.0,6.0,0.9803534746170044
00198,20.0,5.0,0.9972559809684753
00199,23.0,5.0990195135927845,0.8190209865570068
00200,20.0,5.0,0.9993900060653687
00201,20.0,5.0,0.7469809055328369
00202,29.0,7.0710678118654755,0.8325203061103821
00203,21.0,5.0,0.9148104786872864
00204,20.0,6.0,0.9975602626800537
00205,23.0,5.0990195135927845,0.9959508180618286
00206,20.0,5.0,0.9993261098861694
00207,20.0,5.0,0.9999409914016724
00208,24.0,6.0,0.9354584813117981
00209,21.0,6.082762530298219,0.9899761080741882
00210,20.0,6.0,0.9341346025466919
00211,20.0,7.0710678118654755,0.938072144985199
00212,20.0,5.0,0.8886077404022217
00213,20.0,5.0,0.9982684850692749
00214,20.0,6.082762530298219,0.7413966655731201
00215,20.0,5.0,0.9475734233856201
00216,20.0,5.0,0.9868407249450684
00217,20.0,6.082762530298219,0.8693656921386719
00218,20.0,5.0990195135927845,0.9792138934135437
00219,20.0,5.0,0.9983188509941101
00220,20.0,7.0,0.9912071824073792
00221,20.0,5.0,0.9693324565887451
00222,21.0,5.0,0.9819489121437073
00223,21.0,6.082762530298219,0.9303303360939026
00224,20.0,6.082762530298219,0.7042419910430908
00225,20.0,5.0990195135927845,0.9858741760253906
00226,26.0,8.06225774829855,0.7452759742736816
00227,23.0,6.082762530298219,0.779033362865448
00228,20.0,5.0,0.9967272281646729
00229,22.0,5.0,0.8089141249656677
00230,20.0,5.0,0.9921253323554993
00231,20.0,6.0,0.9575426578521729
00232,25.0,6.0,0.9712665677070618
00233,20.0,5.0990195135927845,0.9949637651443481
00234,26.0,7.0,0.9916602969169617
00235,27.0,6.0,0.9609249830245972
00236,23.0,6.0,0.8854169249534607
00237,20.0,5.0,0.8753657341003418
00238,20.0,5.0,0.7686076760292053
00239,23.0,5.0990195135927845,0.780552864074707
00240,20.0,5.0,0.9966358542442322
00241,32.0,8.0,0.996221661567688
00242,20.0,5.0,0.9936892986297607
00243,20.0,5.0,0.995518147945404
00244,26.0,7.0710678118654755,0.7865768671035767
00245,26.0,7.0,0.9115641713142395
00246,24.0,7.0,0.7132954597473145
00247,20.0,5.0990195135927845,0.9984737038612366
00248,20.0,6.0,0.9628335237503052
00249,20.0,5.0,0.878588855266571
00250,32.0,8.06225774829855,0.9979349374771118
00251,20.0,5.0,0.9935975074768066
00252,20.0,5.0,0.9994910955429077
00253,20.0,5.0,0.841911792755127
00254,20.0,6.0,0.9824303388595581
00255,20.0,5.0,0.999187171459198
00256,20.0,8.0,0.9844006896018982
00257,20.0,6.0,0.998224675655365
00258,20.0,5.0,0.9977543950080872
00259,20.0,5.0,0.9992697834968567
00260,20.0,5.385164807134504,0.8428245186805725
00261,20.0,5.0,0.9980790615081787
00262,21.0,6.0,0.7342255711555481
00263,20.0,5.0,0.9991132616996765
00264,20.0,6.082762530298219,0.9990719556808472
00265,20.0,6.0,0.9743759036064148
00266,20.0,5.0,0.9859274625778198
00267,20.0,6.0,0.9981409311294556
00268,20.0,4.123105625617661,0.9824291467666626
00269,20.0,5.0,0.9965904951095581
00270,20.0,5.0990195135927845,0.8508267402648926
00271,23.0,6.0,0.814294695854187
00272,25.0,6.082762530298219,0.8680045008659363
00273,20.0,6.0,0.8287978768348694
00274,20.0,5.0990195135927845,0.9693212509155273
00275,20.0,5.0,0.9529472589492798
00276,20.0,5.0,0.9886311888694763
00277,20.0,6.0,0.9992212057113647
00278,20.0,5.0,0.9968677163124084
00279,20.0,5.0,0.9884836077690125
00280,20.0,6.0,0.9918678402900696
00281,20.0,6.0,0.9990202188491821
00282,20.0,5.0,0.9153501987457275
00283,23.0,6.0,0.8137520551681519
00284,22.0,4.123105625617661,0.91343092918396
00285,20.0,5.0,0.9045151472091675
00286,20.0,5.0,0.9964689016342163
00287,28.0,7.0710678118654755,0.8999783396720886
00288,22.0,5.0,0.7363266348838806
00289,20.0,6.0,0.9954081177711487
00290,20.0,5.0,0.9956408739089966
00291,24.0,6.0,0.8847619891166687
00292,24.0,7.0710678118654755,0.8186331987380981
00293,20.0,5.0,0.9881410598754883
00294,20.0,6.0,0.9733677506446838
00295,20.0,5.0,0.9969981908798218
00296,29.0,7.0,0.871147632598877
00297,20.0,5.0,0.9093226790428162
00298,20.0,5.0,0.9986910223960876
00299,28.0,6.708203932499369,0.874687910079956
00300,20.0,6.0,0.9994847774505615
00301,20.0,5.0,0.9987127780914307
00302,20.0,6.0,0.9987039566040039
00303,20.0,5.0990195135927845,0.8921375870704651
00304,20.0,5.0,0.9737902283668518
00305,20.0,6.0,0.9902287721633911
00306,20.0,5.0,0.8028008341789246
00307,20.0,5.385164807134504,0.9610928893089294
00308,20.0,6.082762530298219,0.9860692024230957
00309,20.0,6.0,0.942341148853302
00310,32.0,9.0,0.9839627146720886
00311,20.0,5.385164807134504,0.7862547636032104
00312,22.0,5.0,0.7414899468421936
00313,20.0,5.0,0.9992209672927856
00314,20.0,5.0,0.9972569346427917
00315,24.0,6.0,0.9101210236549377
00316,24.0,5.0990195135927845,0.780186116695404
00317,20.0,5.0,0.9462418556213379
00318,20.0,5.0,0.989124059677124
00319,20.0,5.0,0.9672421813011169
00320,20.0,4.0,0.9957869648933411
00321,20.0,5.0990195135927845,0.8722257018089294
00322,20.0,6.082762530298219,0.9711022973060608
00323,20.0,6.0,0.9967227578163147
00324,20.0,6.0,0.996941864490509
00325,22.0,6.0,0.8564954400062561
00326,29.0,5.0990195135927845,0.9891272187232971
00327,20.0,6.0,0.9096145033836365
00328,21.0,5.0,0.953041672706604
00329,20.0,5.0,0.988983690738678
00330,20.0,6.0,0.972183883190155
00331,20.0,5.0,0.8101240992546082
00332,22.0,5.0,0.9990720748901367
00333,22.0,5.0,0.8538831472396851
00334,20.0,5.0990195135927845,0.9673731327056885
00335,20.0,6.082762530298219,0.9496994614601135
00336,20.0,5.0,0.9998921155929565
00337,27.0,6.0,0.812978982925415
00338,22.0,5.0,0.7053238153457642
00339,27.0,5.0,0.7966604828834534
00340,20.0,5.0,0.9811348915100098
00341,22.0,5.0990195135927845,0.9618544578552246
00342,20.0,5.0990195135927845,0.9719459414482117
00343,20.0,5.0990195135927845,0.9304530024528503
00344,20.0,5.0,0.9150876998901367
00345,20.0,6.0,0.938079833984375
00346,22.0,6.082762530298219,0.7762463092803955
00347,21.0,4.123105625617661,0.9283367991447449
00348,20.0,5.0,0.9968896508216858
00349,23.0,6.082762530298219,0.9485201835632324
00350,20.0,4.0,0.741722822189331
00351,20.0,5.0990195135927845,0.9835852384567261
00352,20.0,5.0,0.9621599912643433
00353,23.0,8.0,0.9864440560340881
00354,20.0,4.123105625617661,0.750849723815918
00355,20.0,5.0990195135927845,0.8631467223167419
00356,29.0,7.0,0.8116264939308167
00357,20.0,5.0,0.9961841702461243
00358,20.0,5.0,0.989978551864624
00359,20.0,6.324555320336759,0.9236221313476562
00360,26.0,7.0710678118654755,0.8593381643295288
00361,20.0,5.0990195135927845,0.9965677261352539
00362,20.0,6.0,0.9936714172363281
00363,20.0,5.0,0.8720200657844543
00364,20.0,5.0,0.998773992061615
00365,20.0,5.0,0.9981383085250854
00366,24.0,6.082762530298219,0.9171197414398193
00367,20.0,5.0,0.9063485264778137
00368,20.0,5.0990195135927845,0.9169634580612183
00369,32.0,8.0,0.9895220398902893
00370,20.0,5.0,0.9836645722389221
00371,21.0,4.123105625617661,0.9295680522918701
00372,20.0,5.0,0.9904292821884155
00373,20.0,5.0,0.9996922016143799
00374,20.0,5.0,0.9977232813835144
00375,31.0,6.082762530298219,0.7187070250511169
00376,31.0,8.0,0.8101567029953003
00377,20.0,5.0,0.724916398525238
00378,20.0,5.0,0.8544386029243469
00379,20.0,6.0,0.9771918654441833
00380,20.0,6.0,0.996448278427124
00381,20.0,6.082762530298219,0.99687659740448
00382,22.0,5.0990195135927845,0.7157217860221863
00383,21.0,6.0,0.9725586175918579
00384,24.0,6.082762530298219,0.8733855485916138
00385,21.0,5.0,0.8580328822135925
00386,20.0,5.0990195135927845,0.7153821587562561
00387,20.0,6.0,0.9890934228897095
00388,26.0,7.0710678118654755,0.7409661412239075
00389,21.0,5.385164807134504,0.9747456908226013
00390,20.0,5.0,0.965748131275177
00391,20.0,5.0,0.9324250817298889
00392,20.0,5.0990195135927845,0.9960582256317139
00393,20.0,5.0,0.9867607355117798
00394,29.0,9.055385138137417,0.985874593257904
00395,20.0,5.0,0.8240044713020325
00396,20.0,6.082762530298219,0.9946830868721008
00397,20.0,6.0,0.7991921901702881
00398,22.0,5.0990195135927845,0.9311354756355286
00399,20.0,5.0,0.8428166508674622
00400,20.0,6.0,0.9611650109291077
00401,23.0,6.0,0.7974995970726013
00402,20.0,6.082762530298219,0.9601635336875916
00403,20.0,4.123105625617661,0.9809122085571289
00404,23.0,6.0,0.9849046468734741
00405,20.0,6.0,0.9967610239982605
00406,20.0,6.0,0.9998651742935181
00407,22.0,5.0990195135927845,0.8970895409584045
00408,20.0,6.0,0.721111536026001
00409,20.0,5.0,0.9652167558670044
00410,20.0,5.0,0.9077052474021912
00411,22.0,5.0990195135927845,0.8374310731887817
00412,27.0,8.0,0.9641718864440918
00413,20.0,6.082762530298219,0.9603679180145264
00414,22.0,5.0,0.9929105639457703
00415,21.0,6.0,0.9863057136535645
00416,29.0,8.06225774829855,0.9179505705833435
00417,32.0,7.0710678118654755,0.9937654733657837
00418,20.0,4.123105625617661,0.9789931774139404
00419,20.0,4.123105625617661,0.969455897808075
00420,20.0,5.0,0.9862213134765625
00421,22.0,6.0,0.9847602248191833
00422,21.0,5.0,0.952519953250885
00423,20.0,5.0,0.9913309812545776
00424,20.0,6.0,0.9998064637184143
00425,20.0,6.0,0.9854750633239746
00426,20.0,5.0,0.9757022857666016
00427,20.0,6.0,0.9436849355697632
00428,20.0,6.0,0.9974834322929382
00429,20.0,5.0,0.9842950105667114
00430,20.0,4.123105625617661,0.9927258491516113
00431,25.0,6.082762530298219,0.7473558187484741
00432,32.0,7.0,0.9954304695129395
00433,25.0,7.0710678118654755,0.8790391087532043
00434,32.0,9.0,0.9939836859703064
00435,20.0,6.0,0.9985747337341309
00436,20.0,6.0,0.9403873682022095
00437,25.0,5.385164807134504,0.9866595268249512
00438,25.0,7.0,0.8104519248008728
00439,23.0,6.0,0.8685967922210693
00440,20.0,4.123105625617661,0.9473649859428406
00441,20.0,5.0990195135927845,0.9962361454963684
00442,20.0,5.385164807134504,0.999133288860321
00443,29.0,9.219544457292887,0.9101046919822693
00444,20.0,5.0,0.9959678649902344
00445,20.0,6.0,0.9809025526046753
00446,20.0,6.0,0.9911056160926819
00447,20.0,4.0,0.9929609894752502
00448,20.0,6.0,0.7252795696258545
00449,26.0,7.0710678118654755,0.9082986116409302
00450,32.0,9.0,0.999546229839325
00451,31.0,8.0,0.9396843314170837
00452,20.0,5.0990195135927845,0.9945700764656067
00453,20.0,4.0,0.9544699192047119
00454,20.0,5.0,0.9954338669776917
00455,23.0,5.0990195135927845,0.9364507794380188
00456,20.0,4.0,0.9635639190673828
00457,20.0,6.0,0.9996922016143799
00458,20.0,4.123105625617661,0.887793779373169
00459,20.0,5.0990195135927845,0.9028707146644592
00460,20.0,5.0990195135927845,0.9354552626609802
00461,22.0,7.0,0.987011194229126
00462,20.0,6.082762530298219,0.9998699426651001
00463,27.0,7.0,0.8728091716766357
00464,20.0,6.0,0.9842528700828552
00465,20.0,6.0,0.9838655591011047
00466,20.0,6.0,0.9358234405517578
00467,20.0,6.0,0.9663704037666321
00468,27.0,6.082762530298219,0.8245865702629089
00469,20.0,5.0,0.9987770915031433
00470,21.0,6.0,0.9528173804283142
00471,30.0,8.06225774829855,0.7835817933082581
00472,20.0,5.0,0.9015182256698608
00473,23.0,3.0,0.8555444478988647
00474,20.0,5.0990195135927845,0.9916855096817017
00475,20.0,5.0,0.7623364329338074
00476,20.0,5.0,0.9894535541534424
00477,23.0,6.082762530298219,0.8315125703811646
00478,20.0,5.0,0.9964397549629211
00479,20.0,5.0,0.9933171272277832
00480,31.0,8.0,0.8496469259262085
00481,32.0,8.0,0.9985358715057373
00482,24.0,8.0,0.8805149793624878
00483,20.0,6.0,0.9977436065673828
00484,20.0,5.385164807134504,0.7781990170478821
00485,21.0,5.0,0.9503808617591858
00486,20.0,5.0,0.991380512714386
00487,20.0,7.0710678118654755,0.9934583306312561
00488,20.0,6.0,0.9288438558578491
00489,20.0,6.0,0.7111645340919495
00490,20.0,5.0,0.9429726004600525
00491,27.0,6.0,0.8887189030647278
00492,20.0,5.0990195135927845,0.876763641834259
00493,21.0,7.0,0.8827385306358337
00494,20.0,5.0,0.9844658374786377
00495,21.0,5.0,0.8533399105072021
00496,23.0,6.0,0.9332093596458435
00497,20.0,5.0990195135927845,0.9969857335090637
00498,20.0,6.0,0.8090534806251526
00499,20.0,6.0,0.9962241649627686
00500,25.0,7.0,0.9977777600288391
00501,22.0,5.0,0.9669494032859802
00502,22.0,6.0,0.9991821646690369
00503,20.0,5.0,0.990202009677887
00504,20.0,6.324555320336759,0.7445194721221924
00505,22.0,6.0,0.9560499787330627
00506,20.0,6.0,0.9909555315971375
00507,20.0,5.0990195135927845,0.9732335209846497
00508,20.0,5.0,0.9985682964324951
00509,20.0,4.0,0.931628942489624
00510,26.0,7.0,0.8463775515556335
00511,20.0,5.0,0.9973143935203552
00512,22.0,7.0,0.9866047501564026
00513,20.0,5.0,0.9877162575721741
00514,29.0,9.055385138137417,0.8123656511306763
00515,20.0,5.0990195135927845,0.9970525503158569
00516,20.0,5.0,0.9962630867958069
00517,20.0,5.0,0.9996708631515503
00518,26.0,6.0,0.9125112295150757
00519,20.0,5.0,0.7792880535125732
00520,20.0,6.0,0.9921656847000122
00521,20.0,5.0,0.991483747959137
00522,27.0,7.0710678118654755,0.7730229496955872
00523,20.0,6.0,0.9462099075317383
00524,22.0,6.0,0.9309355616569519
00525,20.0,6.0,0.9786281585693359
00526,32.0,7.0,0.9807397127151489
00527,23.0,7.0710678118654755,0.8375002145767212
00528,20.0,6.0,0.9899545907974243
00529,20.0,6.0,0.7736205458641052
00530,21.0,5.0,0.9713970422744751
00531,20.0,4.123105625617661,0.9731378555297852
00532,20.0,5.0,0.9999547004699707
00533,25.0,6.324555320336759,0.7014527916908264
00534,22.0,5.0,0.8493995666503906
00535,20.0,6.0,0.9703514575958252
00536,20.0,4.0,0.7329535484313965
00537,20.0,6.082762530298219,0.994249701499939
00538,20.0,5.0990195135927845,0.9952652454376221
00539,20.0,4.0,0.9191471338272095
00540,24.0,5.0990195135927845,0.9969808459281921
00541,25.0,6.082762530298219,0.8975985050201416
00542,20.0,5.0,0.9256267547607422
00543,20.0,5.0,0.9859926104545593
00544,23.0,7.0710678118654755,0.9550403356552124
00545,32.0,8.06225774829855,0.9885203242301941
00546,22.0,7.0,0.8784105181694031
00547,26.0,7.0710678118654755,0.9498329162597656
00548,20.0,5.0,0.8947976231575012
00549,22.0,7.0,0.9277394413948059
00550,20.0,5.0,0.9992032647132874
00551,31.0,7.0710678118654755,0.7817758917808533
00552,20.0,5.0,0.9490702748298645
00553,20.0,5.0,0.9837982654571533
00554,20.0,5.0990195135927845,0.8364241123199463
00555,20.0,6.0,0.9981318116188049
00556,23.0,6.0,0.8552497029304504
00557,20.0,4.123105625617661,0.9711204171180725
00558,21.0,5.0,0.7623050808906555
00559,20.0,6.082762530298219,0.9954102635383606
00560,20.0,5.0,0.9948155283927917
00561,20.0,6.0,0.9816068410873413
00562,25.0,5.0,0.8004998564720154
00563,20.0,5.0,0.878373384475708
00564,20.0,5.0,0.9827708005905151
00565,20.0,6.0,0.942074179649353
00566,20.0,6.0,0.9600040912628174
00567,22.0,5.0,0.9305511713027954
00568,20.0,4.0,0.9199525117874146
00569,20.0,6.0,0.9969714879989624
00570,20.0,5.0,0.985267162322998
00571,20.0,6.0,0.9174350500106812
00572,20.0,6.0,0.9997091889381409
00573,32.0,7.0,0.9972068667411804
00574,20.0,5.0,0.882985532283783
00575,20.0,4.0,0.9985653758049011
00576,22.0,5.0,0.9275183081626892
00577,20.0,5.0990195135927845,0.9954375624656677
00578,20.0,5.0,0.9906198978424072
00579,20.0,4.123105625617661,0.9329549074172974
00580,20.0,6.0,0.9971411228179932
00581,20.0,6.0,0.9977424144744873
00582,20.0,5.0,0.8458787798881531
00583,20.0,5.0,0.9790857434272766
00584,20.0,6.0,0.9875038266181946
00585,25.0,7.0710678118654755,0.9781633019447327
00586,20.0,5.0,0.9841103553771973
00587,22.0,5.0,0.9247844815254211
00588,25.0,7.0,0.9220815300941467
00589,26.0,7.0,0.8618496060371399
00590,20.0,6.082762530298219,0.9673020839691162
00591,20.0,4.0,0.989116370677948
00592,20.0,6.0,0.9245061278343201
00593,26.0,8.0,0.9321410655975342
00594,21.0,5.0,0.949699342250824
00595,20.0,5.0,0.9960797429084778
00596,20.0,6.0,0.9266937375068665
00597,20.0,5.0,0.9973135590553284
00598,27.0,7.0,0.8099347352981567
00599,20.0,6.0,0.996825098991394
00600,32.0,7.0,0.987622857093811
00601,25.0,7.0710678118654755,0.8597363233566284
00602,20.0,5.0,0.8379120230674744
00603,20.0,5.0,0.9985634684562683
00604,22.0,6.0,0.8947209119796753
00605,20.0,5.0,0.9999847412109375
00606,23.0,6.082762530298219,0.8269920349121094
00607,20.0,5.0,0.9640685319900513
00608,20.0,4.0,0.9994582533836365
00609,21.0,5.0,0.8508656024932861
00610,20.0,5.0990195135927845,0.7134484052658081
00611,21.0,5.0990195135927845,0.8426446914672852
00612,20.0,5.0,0.9997038245201111
00613,23.0,6.0,0.9081295728683472
00614,20.0,6.0,0.9975377321243286
00615,20.0,5.0,0.9946200847625732
00616,20.0,4.123105625617661,0.7186533808708191
00617,22.0,7.0,0.95743727684021
00618,20.0,6.0,0.9747821688652039
00619,20.0,5.0,0.9908939599990845
00620,20.0,6.0,0.957932710647583
00621,20.0,5.0,0.9993045330047607
00622,20.0,5.385164807134504,0.9949305653572083
00623,20.0,5.0,0.9987040758132935
00624,20.0,5.0,0.9933878183364868
00625,26.0,7.0710678118654755,0.9396570324897766
00626,23.0,6.0,0.9965332746505737
00627,21.0,5.0990195135927845,0.9105402827262878
00628,20.0,5.0990195135927845,0.9980581402778625
00629,20.0,5.0990195135927845,0.958570659160614
00630,24.0,7.0710678118654755,0.9519831538200378
00631,20.0,6.082762530298219,0.9979363679885864
00632,20.0,6.0,0.9945679903030396
00633,20.0,5.0,0.991866409778595
00634,22.0,5.0,0.9375169277191162
00635,20.0,5.0,0.9995952248573303
00636,20.0,5.0,0.9942314624786377
00637,21.0,6.0,0.972851574420929
00638,20.0,5.0,0.79909747838974
00639,20.0,6.082762530298219,0.9870752692222595
00640,20.0,7.0710678118654755,0.7025800943374634
00641,20.0,5.0,0.9961313009262085
00642,20.0,6.0,0.9948188662528992
00643,24.0,6.082762530298219,0.94828200340271
00644,20.0,6.0,0.7094364166259766
00645,27.0,6.082762530298219,0.9558929800987244
00646,27.0,6.082762530298219,0.8529878854751587
00647,25.0,6.324555320336759,0.9612312912940979
00648,21.0,7.0,0.8026971817016602
00649,20.0,4.47213595499958,0.870198667049408
00650,20.0,5.0,0.9998400211334229
00651,32.0,8.06225774829855,0.9807615876197815
00652,23.0,6.082762530298219,0.9113418459892273
00653,20.0,5.0990195135927845,0.9784293174743652
00654,20.0,5.0,0.9980238676071167
00655,20.0,5.0,0.9907670021057129
00656,20.0,5.0,0.9809536933898926
00657,27.0,8.0,0.9255566000938416
00658,20.0,6.082762530298219,0.9163208603858948
00659,20.0,5.0990195135927845,0.9472531676292419
00660,29.0,6.082762530298219,0.7823466062545776
00661,21.0,6.0,0.9934826493263245
00662,28.0,6.082762530298219,0.9641748070716858
00663,20.0,5.0,0.9067953824996948
00664,20.0,6.0,0.7615194916725159
00665,21.0,6.0,0.9983160495758057
00666,21.0,5.0,0.7521036863327026
00667,20.0,5.0,0.9998726844787598
00668,21.0,6.0,0.8124279975891113
00669,20.0,5.0,0.9719530344009399
00670,30.0,9.055385138137417,0.8641889691352844
00671,23.0,6.0,0.9355369210243225
00672,20.0,6.082762530298219,0.9892455339431763
00673,21.0,5.0,0.9847440123558044
00674,20.0,7.0710678118654755,0.9815556406974792
00675,20.0,5.0,0.9988818764686584
00676,20.0,4.0,0.9635478258132935
00677,23.0,5.0,0.8530345559120178
00678,20.0,6.0,0.994606077671051
00679,20.0,5.0,0.990036129951477
00680,24.0,6.0,0.8132687211036682
00681,20.0,5.0,0.9677786827087402
00682,23.0,6.0,0.9743459224700928
00683,25.0,8.06225774829855,0.958598256111145
00684,23.0,7.0,0.885103166103363
00685,20.0,4.123105625617661,0.9048911333084106
00686,20.0,6.0,0.991657555103302
00687,20.0,5.0,0.9981595873832703
00688,20.0,5.0990195135927845,0.9993267059326172
00689,20.0,6.0,0.9765061736106873
00690,22.0,6.082762530298219,0.8194831609725952
00691,20.0,5.0,0.9971743822097778
00692,20.0,4.0,0.8755618333816528
00693,26.0,8.0,0.8609585762023926
00694,32.0,9.055385138137417,0.8870235085487366
00695,27.0,7.0710678118654755,0.9837190508842468
00696,20.0,5.0,0.911199688911438
00697,20.0,4.123105625617661,0.910415530204773
00698,20.0,6.0,0.9946417808532715
00699,20.0,6.0,0.9494137763977051
00700,27.0,7.0710678118654755,0.7036607265472412
00701,20.0,5.0,0.9979988932609558
00702,30.0,8.06225774829855,0.8587484955787659
00703,20.0,6.0,0.9923259019851685
00704,20.0,6.0,0.99666827917099
00705,20.0,5.0990195135927845,0.9934197068214417
00706,23.0,4.47213595499958,0.7470756769180298
00707,23.0,6.082762530298219,0.8765633702278137
00708,20.0,6.0,0.9996395111083984
00709,29.0,6.082762530298219,0.8326919674873352
00710,20.0,5.0,0.9967371821403503
00711,20.0,6.0,0.9975879192352295
00712,20.0,5.0,0.9019756317138672
00713,20.0,5.0,0.9967779517173767
00714,20.0,5.0,0.9624807834625244
00715,20.0,5.0990195135927845,0.7520664930343628
00716,27.0,7.0710678118654755,0.9977097511291504
00717,20.0,6.0,0.7671189904212952
00718,24.0,6.0,0.9751543402671814
00719,20.0,5.0,0.9830688238143921
00720,20.0,6.0,0.9793394207954407
00721,20.0,6.0,0.9962316155433655
00722,20.0,5.0,0.9992364645004272
00723,20.0,6.0,0.9995642304420471
00724,20.0,5.0,0.8246873021125793
00725,27.0,8.0,0.7838573455810547
00726,25.0,6.0,0.9920984506607056
00727,20.0,5.0,0.9654197096824646
00728,20.0,3.605551275463989,0.7293291091918945
00729,20.0,6.0,0.9946877956390381
00730,28.0,8.0,0.727456271648407
00731,20.0,5.0,0.9764427542686462
00732,20.0,6.0,0.9341545701026917
00733,20.0,6.0,0.7845438718795776
00734,22.0,5.0,0.7692235112190247
00735,20.0,5.0,0.9981675148010254
00736,20.0,5.0,0.9780418276786804
00737,20.0,5.0990195135927845,0.7668434381484985
00738,27.0,7.0,0.9778974652290344
00739,20.0,6.0,0.9787039756774902
00740,20.0,5.0,0.9944316744804382
00741,21.0,7.0710678118654755,0.8107973337173462
00742,20.0,5.0990195135927845,0.8050123453140259
00743,27.0,6.082762530298219,0.8562660217285156
00744,20.0,5.0,0.9997403025627136
00745,28.0,6.082762530298219,0.8250200152397156
00746,21.0,5.0,0.9974960684776306
00747,20.0,5.0,0.8646047711372375
00748,20.0,6.0,0.9974669218063354
00749,20.0,5.0990195135927845,0.9460386633872986
00750,32.0,8.0,0.9651941061019897
00751,32.0,7.0,0.9998179078102112
00752,20.0,3.1622776601683795,0.9760703444480896
00753,20.0,4.123105625617661,0.7678748965263367
00754,20.0,5.0,0.997593104839325
00755,22.0,6.082762530298219,0.9449033141136169
00756,20.0,6.0,0.9983025789260864
00757,24.0,6.0,0.9697654843330383
00758,30.0,7.0,0.7577359676361084
00759,22.0,5.0,0.9969692826271057
00760,25.0,6.0,0.8527532815933228
00761,22.0,6.0,0.9592688083648682
00762,21.0,5.0990195135927845,0.9300506711006165
00763,23.0,6.0,0.7776276469230652
00764,20.0,5.0990195135927845,0.9933968782424927
00765,20.0,6.0,0.9226304888725281
00766,23.0,5.0990195135927845,0.9463308453559875
00767,20.0,7.0710678118654755,0.9996587038040161
00768,20.0,6.0,0.999072790145874
00769,25.0,6.0,0.9238859415054321
00770,24.0,6.0,0.8307137489318848
00771,20.0,6.082762530298219,0.9931138157844543
00772,23.0,7.0,0.7213320136070251
00773,20.0,5.0,0.9909908771514893
00774,29.0,7.0,0.9150538444519043
00775,20.0,6.082762530298219,0.9277987480163574
00776,20.0,5.0990195135927845,0.7463333606719971
00777,20.0,5.0,0.9749831557273865
00778,24.0,6.082762530298219,0.9069372415542603
00779,22.0,5.0,0.9365307688713074
00780,20.0,4.123105625617661,0.9756596088409424
00781,22.0,6.0,0.7047433853149414
00782,22.0,6.0,0.8735226988792419
00783,20.0,5.0,0.9751430749893188
00784,20.0,5.0990195135927845,0.9946781396865845
00785,20.0,5.0,0.973781406879425
00786,25.0,5.0,0.7364956140518188
00787,20.0,5.0990195135927845,0.9765592813491821
00788,20.0,5.0,0.969560444355011
00789,20.0,6.0,0.9998444318771362
00790,20.0,6.0,0.9993798732757568
00791,20.0,5.0,0.9880756139755249
00792,23.0,8.0,0.9706209301948547
00793,26.0,6.082762530298219,0.9228112697601318
00794,20.0,5.0,0.9996837377548218
00795,20.0,5.0,0.9935966730117798
00796,22.0,6.0,0.9939080476760864
00797,20.0,5.0,0.9987554550170898
00798,20.0,5.0,0.9813567399978638
00799,20.0,6.0,0.9991697072982788
00800,20.0,5.0990195135927845,0.7342560887336731
00801,20.0,7.0710678118654755,0.7431839108467102
00802,23.0,6.0,0.9854861497879028
00803,32.0,7.0,0.9925459027290344
00804,23.0,6.0,0.8161590695381165
00805,20.0,6.0,0.98549485206604
00806,20.0,5.0990195135927845,0.9991651773452759
00807,29.0,6.0,0.9073110818862915
00808,20.0,5.0,0.9990819692611694
00809,20.0,5.0990195135927845,0.9871329069137573
00810,20.0,5.0,0.7870345115661621
00811,22.0,6.082762530298219,0.9151145219802856
00812,20.0,5.0,0.996997594833374
00813,27.0,7.0710678118654755,0.872038722038269
00814,20.0,5.0,0.9952579140663147
00815,20.0,6.0,0.9988056421279907
00816,20.0,4.123105625617661,0.9795970320701599
00817,20.0,5.0,0.9292636513710022
00818,21.0,6.082762530298219,0.9513928890228271
00819,20.0,5.0990195135927845,0.9994310736656189
00820,20.0,6.0,0.9846014976501465
00821,20.0,5.0,0.9991565942764282
00822,20.0,5.0,0.8747265934944153
00823,29.0,7.0,0.9036200642585754
00824,25.0,7.0,0.9780552983283997
00825,20.0,5.0,0.9973776340484619
00826,21.0,6.0,0.8019472360610962
00827,22.0,5.0990195135927845,0.750879168510437
00828,20.0,5.0,0.9729772210121155
00829,20.0,4.123105625617661,0.8102710247039795
00830,20.0,7.0,0.987204909324646
00831,20.0,6.0,0.8649594187736511
00832,20.0,5.0,0.9831462502479553
00833,20.0,5.0,0.9910974502563477
00834,25.0,6.0,0.9442011713981628
00835,20.0,5.0,0.994771420955658
00836,20.0,6.0,0.7120614051818848
00837,20.0,5.0,0.9982231259346008
00838,20.0,5.0990195135927845,0.7218950390815735
00839,20.0,6.0,0.9842016100883484
00840,20.0,6.0,0.9987609386444092
00841,20.0,5.0,0.9976296424865723
00842,32.0,7.0710678118654755,0.9920805096626282
00843,30.0,7.0710678118654755,0.7007013559341431
00844,25.0,7.0,0.9286498427391052
00845,22.0,5.0,0.9825987815856934
00846,24.0,7.0710678118654755,0.7294070720672607
00847,24.0,4.123105625617661,0.8727408647537231
00848,20.0,5.0,0.9988446235656738
00849,20.0,5.0,0.9992989301681519
00850,20.0,5.0,0.9975468516349792
00851,21.0,4.123105625617661,0.989230215549469
00852,23.0,5.0990195135927845,0.733226478099823
00853,24.0,6.0,0.8703281879425049
00854,20.0,5.0,0.9987859129905701
00855,20.0,5.0,0.9843811988830566
00856,20.0,4.0,0.9905703067779541
00857,20.0,6.0,0.9274734854698181
00858,20.0,5.0,0.9897149205207825
00859,26.0,8.0,0.8636516332626343
00860,20.0,6.0,0.9539777636528015
00861,20.0,4.0,0.9867624640464783
00862,25.0,7.0710678118654755,0.9922332763671875
00863,21.0,5.0990195135927845,0.7196306586265564
00864,20.0,5.0,0.9953008890151978
00865,20.0,4.123105625617661,0.7529715895652771
00866,22.0,5.0,0.7674683332443237
00867,24.0,8.06225774829855,0.8198689222335815
00868,27.0,6.082762530298219,0.9473900198936462
00869,29.0,8.06225774829855,0.7647831439971924
00870,20.0,5.0,0.9896373748779297
00871,20.0,5.0,0.9968595504760742
00872,20.0,5.0,0.9451358318328857
00873,20.0,5.0,0.9987502098083496
00874,20.0,6.0,0.9798048734664917
00875,20.0,5.0,0.9986869692802429
00876,32.0,7.0,0.9845893979072571
00877,20.0,5.0,0.9938651919364929
00878,20.0,6.0,0.9922661185264587
00879,21.0,5.0,0.9566959738731384
00880,20.0,5.0,0.9897364377975464
00881,20.0,6.082762530298219,0.9756181836128235
00882,20.0,5.0,0.9981164932250977
00883,20.0,4.47213595499958,0.9277587532997131
00884,20.0,5.0990195135927845,0.9694347381591797
00885,20.0,6.082762530298219,0.9255825281143188
00886,20.0,6.082762530298219,0.9415134191513062
00887,20.0,5.0,0.9951716065406799
00888,20.0,4.0,0.8210505843162537
00889,21.0,5.0990195135927845,0.9532244801521301
00890,20.0,4.0,0.782875657081604
00891,21.0,6.0,0.9947782754898071
00892,20.0,6.0,0.9632068276405334
00893,20.0,5.0,0.9719544053077698
00894,29.0,8.0,0.8904683589935303
00895,20.0,4.123105625617661,0.7527180314064026
00896,20.0,5.0,0.7600815296173096
00897,32.0,8.0,0.9948636889457703
00898,22.0,5.0,0.7221217751502991
00899,20.0,6.0,0.7579461932182312
00900,20.0,7.0,0.8229981064796448
00901,20.0,5.0990195135927845,0.9946891069412231
00902,32.0,9.0,0.9996938705444336
00903,20.0,6.0,0.9944703578948975
00904,20.0,6.0,0.9819127321243286
00905,20.0,6.082762530298219,0.9834521412849426
00906,25.0,6.0,0.978685736656189
00907,30.0,8.0,0.9575073719024658
00908,23.0,6.0,0.8901754021644592
00909,20.0,7.0,0.9884412288665771
00910,20.0,5.830951894845301,0.8634952902793884
00911,21.0,4.0,0.9769836068153381
00912,20.0,5.0,0.9877179861068726
00913,20.0,5.0,0.9293422102928162
00914,25.0,7.0710678118654755,0.9718388915061951
00915,20.0,5.0990195135927845,0.9357479810714722
00916,20.0,5.0990195135927845,0.8844786882400513
00917,20.0,6.082762530298219,0.9345518946647644
00918,26.0,7.0,0.9948952794075012
00919,20.0,5.0,0.997297465801239
00920,20.0,6.0,0.981393575668335
00921,20.0,5.0,0.9993938207626343
00922,20.0,6.0,0.9985224604606628
00923,27.0,4.0,0.9329753518104553
00924,20.0,5.0,0.9156566262245178
00925,20.0,5.0,0.9843581914901733
00926,20.0,6.0,0.9784810543060303
00927,20.0,7.0,0.909098207950592
00928,20.0,5.0,0.9957320094108582
00929,20.0,5.0990195135927845,0.9906572103500366
00930,24.0,6.082762530298219,0.9472059011459351
00931,20.0,6.0,0.9989140033721924
00932,25.0,6.082762530298219,0.8141832947731018
00933,31.0,7.615773105863909,0.79012531042099
00934,32.0,9.055385138137417,0.8949943780899048
00935,27.0,7.0,0.9442739486694336
00936,25.0,7.0,0.9979051351547241
00937,20.0,4.123105625617661,0.724292516708374
00938,25.0,5.0,0.9909762740135193
00939,21.0,4.0,0.9802923798561096
00940,20.0,5.0,0.9999902248382568
00941,20.0,5.0,0.7513980865478516
00942,28.0,7.0,0.9579665064811707
00943,27.0,7.0,0.942721962928772
00944,21.0,6.0,0.9909185171127319
00945,21.0,5.0990195135927845,0.9324769973754883
00946,20.0,4.47213595499958,0.8874834179878235
00947,22.0,5.0990195135927845,0.9946377873420715
00948,20.0,5.0,0.991008460521698
00949,20.0,6.0,0.8611452579498291
00950,20.0,5.0,0.9905877113342285
00951,20.0,4.0,0.978029191493988
00952,22.0,5.0990195135927845,0.8082088828086853
00953,20.0,4.123105625617661,0.979420006275177
00954,26.0,6.0,0.9321351051330566
00955,20.0,6.082762530298219,0.9614211320877075
00956,20.0,4.123105625617661,0.9923100471496582
00957,20.0,6.082762530298219,0.9831516742706299
00958,20.0,6.0,0.7356971502304077
00959,20.0,6.082762530298219,0.8035385608673096
00960,22.0,6.082762530298219,0.9140012264251709
00961,30.0,7.0,0.8699276447296143
00962,32.0,8.0,0.9822872281074524
00963,20.0,5.0,0.9795455932617188
00964,20.0,5.0,0.9988008737564087
00965,20.0,5.0990195135927845,0.9602519273757935
00966,20.0,5.0,0.9950615763664246
00967,20.0,5.0,0.9383226037025452
00968,27.0,6.0,0.9223436117172241
00969,24.0,5.0,0.9627121686935425
00970,24.0,6.0,0.7116367816925049
00971,20.0,5.0990195135927845,0.9736229777336121
00972,20.0,5.0990195135927845,0.9496712684631348
00973,20.0,4.123105625617661,0.9923646450042725
00974,20.0,5.0,0.7948274612426758
00975,21.0,4.123105625617661,0.8373584747314453
00976,22.0,6.082762530298219,0.7120386362075806
00977,32.0,8.06225774829855,0.9997825026512146
00978,20.0,6.0,0.9991732239723206
00979,31.0,9.0,0.8882739543914795
00980,20.0,5.0990195135927845,0.9965572357177734
00981,20.0,6.082762530298219,0.987765908241272
00982,24.0,7.0710678118654755,0.7356341481208801
00983,20.0,6.0,0.9982960820198059
00984,28.0,7.0,0.9462201595306396
00985,20.0,5.0,0.9313446283340454
00986,25.0,7.0,0.9911421537399292
00987,20.0,5.0,0.990349292755127
00988,20.0,5.0,0.9882458448410034
00989,20.0,6.082762530298219,0.7619829773902893
00990,20.0,5.0,0.998960018157959
00991,20.0,5.0990195135927845,0.8994826674461365
00992,21.0,5.0990195135927845,0.9019366502761841
00993,33.0,8.0,0.9160268306732178
00994,30.0,7.0,0.7367920279502869
00995,20.0,6.0,0.9990365505218506
00996,20.0,5.0,0.9229696393013
00997,20.0,5.0,0.7802011370658875
00998,20.0,5.0,0.9972149133682251
00999,20.0,6.0,0.9979749321937561
